[
    {
        "title" : "Python inner function not printing the value that was initialised in the outer function",
        "author" : "Vishwanath Seshagiri",
        "date" : "2018-04-03",
        "tag" : ["python", "python-3.x", "closures"],
        "url" : "http://"
    },
    {
        "title" : "Python inner function not printing the value that was initialised in the outer function",
        "author" : "Vishwanath Seshagiri",
        "date" : "2018-04-03",
        "tag" : ["python", "python-3.x", "closures"],
        "url" : "http://"
     },
     {
        "title" : "Python inner function not printing the value that was initialised in the outer function",
        "author" : "Vishwanath Seshagiri",
        "date" : "2018-04-03",
        "tag" : ["python", "python-3.x", "closures"],
        "url" : "http://"
     }
]